{
    "analysis": [
        {
            "atomrdf": {
                "dim": 3,
                "dr": 0.05,
                "file": "rdf_mc.dat",
                "name1": "LJP",
                "name2": "LJP",
                "nskip": 200,
                "nstep": 25,
                "samples": 19992,
                "slicedir": [
                    0,
                    0,
                    0
                ],
                "thickness": 0.0
            }
        }
    ],
    "compiler": "4.2.1 Compatible Apple LLVM 11.0.3 (clang-1103.0.32.62)",
    "energy": [
        {
            "hamiltonian": [
                {
                    "particle-self-energy": {
                        "com": false,
                        "molecules": [
                            "*"
                        ],
                        "relative time": 0.00013996503137200626
                    }
                },
                {
                    "nonbonded": {
                        "cutoff_g2g": {
                            "LJM LJM": null
                        },
                        "pairpot": [
                            {
                                "coulomb": {
                                    "cutoff": 1.3407807929942596e+154,
                                    "doi": "Premier mémoire sur l’électricité et le magnétisme by Charles-Augustin de Coulomb",
                                    "lB": 7.005697329174579,
                                    "type": "plain"
                                }
                            },
                            {
                                "lennardjones": {
                                    "eps": "eps",
                                    "mixing": "lorentz_berthelot",
                                    "sigma": "sigma"
                                }
                            }
                        ],
                        "relative time": 0.3064650333677899,
                        "timings": {
                            "g_internal": 0.3039034749566349
                        }
                    }
                }
            ]
        }
    ],
    "geometry": {
        "length": [
            18.6,
            18.6,
            18.6
        ],
        "type": "cuboid"
    },
    "git revision": "423c1469 (2020-06-08)",
    "groups": [
        {
            "LJM": {
                "compressible": false,
                "index": [
                    0,
                    99
                ],
                "size": 100
            }
        }
    ],
    "last move": "transrot",
    "moves": [
        {
            "transrot": {
                "acceptance": 0.396,
                "dir": [
                    1.0,
                    1.0,
                    1.0
                ],
                "molecule": "LJM",
                "molid": 0,
                "moves": 50000000,
                "relative time": 0.91,
                "repeat": 100,
                "√⟨r²⟩": 0.244
            }
        }
    ],
    "number of groups": 1,
    "number of particles": 100,
    "reactionlist": null,
    "relative drift": -1.8497319131661116e-13,
    "temperature": 298.15
}
