{
  "geometry": {
    "length": [
      18.6,
      18.6,
      18.6
    ],
    "type": "cuboid"
  },
  "groups": [
    {
      "atomic": true,
      "cm": [
        0.0,
        0.0,
        0.0
      ],
      "compressible": false,
      "id": 0,
      "size": 100
    }
  ],
  "particles": [
    {
      "id": 0,
      "pos": [
        4.343999306658936,
        -2.653304248989184,
        -3.2481963908897216
      ],
      "q": 0.0
    },
    {
      "id": 0,
      "pos": [
        -7.870291914321668,
        8.899079872477195,
        1.992149152636419
      ],
      "q": 0.0
    },
    {
      "id": 0,
      "pos": [
        5.296708710030999,
        -0.23081366564042552,
        -6.778545419536121
      ],
      "q": 0.0
    },
    {
      "id": 0,
      "pos": [
        7.1554704507722136,
        8.857602968781187,
        4.597979945317973
      ],
      "q": 0.0
    },
    {
      "id": 0,
      "pos": [
        7.139420779181323,
        1.9547312549529692,
        8.442915796874928
      ],
      "q": 0.0
    },
    {
      "id": 0,
      "pos": [
        -6.131254340764128,
        8.847667299968961,
        -5.219219334726749
      ],
      "q": 0.0
    },
    {
      "id": 0,
      "pos": [
        -2.369878930129307,
        2.1627841637346052,
        -4.4097551320745
      ],
      "q": 0.0
    },
    {
      "id": 0,
      "pos": [
        5.112279305050759,
        6.7197947272613145,
        -3.1813179746823943
      ],
      "q": 0.0
    },
    {
      "id": 0,
      "pos": [
        3.413244594052329,
        -2.6813280542352143,
        3.981564143979863
      ],
      "q": 0.0
    },
    {
      "id": 0,
      "pos": [
        -7.865015020532022,
        4.4049827410823506,
        1.9810871293401302
      ],
      "q": 0.0
    },
    {
      "id": 0,
      "pos": [
        -8.776754280375323,
        9.088160122319044,
        9.17726771679327
      ],
      "q": 0.0
    },
    {
      "id": 0,
      "pos": [
        8.719448484782406,
        -7.56722567955656,
        -5.778230946339739
      ],
      "q": 0.0
    },
    {
      "id": 0,
      "pos": [
        -0.3545277089487395,
        -5.007933559282381,
        3.3520732069376558
      ],
      "q": 0.0
    },
    {
      "id": 0,
      "pos": [
        -4.2238593071720185,
        8.870565160054191,
        -1.0859361424853307
      ],
      "q": 0.0
    },
    {
      "id": 0,
      "pos": [
        -0.49374836941869193,
        6.741964124228663,
        -0.32347123175595704
      ],
      "q": 0.0
    },
    {
      "id": 0,
      "pos": [
        -8.086873199257836,
        6.623982289185663,
        -1.9106459886962426
      ],
      "q": 0.0
    },
    {
      "id": 0,
      "pos": [
        -4.01862911853687,
        -0.32845035472072365,
        6.278851584928467
      ],
      "q": 0.0
    },
    {
      "id": 0,
      "pos": [
        1.1980220095006668,
        4.416277444707684,
        -3.652765449093498
      ],
      "q": 0.0
    },
    {
      "id": 0,
      "pos": [
        3.3041259475951277,
        4.174438597099611,
        7.719393918144103
      ],
      "q": 0.0
    },
    {
      "id": 0,
      "pos": [
        7.9849562160956875,
        -4.64381180844798,
        -2.8438590851423617
      ],
      "q": 0.0
    },
    {
      "id": 0,
      "pos": [
        3.268996002542099,
        1.9134633774668,
        4.065639338080677
      ],
      "q": 0.0
    },
    {
      "id": 0,
      "pos": [
        -5.620075877151796,
        6.420010530111036,
        -8.81847287514909
      ],
      "q": 0.0
    },
    {
      "id": 0,
      "pos": [
        -4.092745403687094,
        4.398103287330666,
        -1.0034320903242797
      ],
      "q": 0.0
    },
    {
      "id": 0,
      "pos": [
        -7.563960722164152,
        2.083073850033358,
        -1.6033490040396232
      ],
      "q": 0.0
    },
    {
      "id": 0,
      "pos": [
        -4.0542794687804635,
        -4.932453341604538,
        6.350198603399923
      ],
      "q": 0.0
    },
    {
      "id": 0,
      "pos": [
        3.2881131042986205,
        8.96381086998752,
        0.3110869870639475
      ],
      "q": 0.0
    },
    {
      "id": 0,
      "pos": [
        7.1563445761588955,
        -5.014045427080176,
        4.632455435417256
      ],
      "q": 0.0
    },
    {
      "id": 0,
      "pos": [
        3.0966650020078066,
        -4.791328437214974,
        7.805899881619866
      ],
      "q": 0.0
    },
    {
      "id": 0,
      "pos": [
        1.5557826617189796,
        6.443207107640622,
        -7.470079529446284
      ],
      "q": 0.0
    },
    {
      "id": 0,
      "pos": [
        -7.7956180919174995,
        -7.298107820734418,
        5.610506981801866
      ],
      "q": 0.0
    },
    {
      "id": 0,
      "pos": [
        9.013205618239397,
        2.1398330481879815,
        -6.134695492484012
      ],
      "q": 0.0
    },
    {
      "id": 0,
      "pos": [
        6.985885037176657,
        2.1315471837771653,
        0.7529359673756564
      ],
      "q": 0.0
    },
    {
      "id": 0,
      "pos": [
        -5.651932658764059,
        -2.5635217271110387,
        -8.792097587657501
      ],
      "q": 0.0
    },
    {
      "id": 0,
      "pos": [
        -4.094530965781396,
        8.919904705293222,
        6.527655553671921
      ],
      "q": 0.0
    },
    {
      "id": 0,
      "pos": [
        -2.599579346814772,
        -7.350834522383232,
        -4.594077015194488
      ],
      "q": 0.0
    },
    {
      "id": 0,
      "pos": [
        -0.43385364076533645,
        -0.3855319227880148,
        3.2261441504698105
      ],
      "q": 0.0
    },
    {
      "id": 0,
      "pos": [
        -2.399767079707842,
        6.641130599128618,
        -4.4665663445504915
      ],
      "q": 0.0
    },
    {
      "id": 0,
      "pos": [
        3.018061023197406,
        8.68631117145185,
        7.741788181996177
      ],
      "q": 0.0
    },
    {
      "id": 0,
      "pos": [
        6.985394163310001,
        -0.24004280610996706,
        4.610475007392157
      ],
      "q": 0.0
    },
    {
      "id": 0,
      "pos": [
        7.0578481275712,
        -2.628354423392146,
        0.8862164603853955
      ],
      "q": 0.0
    },
    {
      "id": 0,
      "pos": [
        4.86642520013144,
        -7.46162467619287,
        -3.1735112869076003
      ],
      "q": 0.0
    },
    {
      "id": 0,
      "pos": [
        1.6665989946783173,
        -7.273141317855636,
        -7.514061407950539
      ],
      "q": 0.0
    },
    {
      "id": 0,
      "pos": [
        -2.073184396255999,
        -0.28483649881053275,
        -8.135763199194194
      ],
      "q": 0.0
    },
    {
      "id": 0,
      "pos": [
        -7.788634693337987,
        6.520009201870101,
        5.770100809130073
      ],
      "q": 0.0
    },
    {
      "id": 0,
      "pos": [
        -5.933250977690129,
        1.8824496050239692,
        -8.818355946435211
      ],
      "q": 0.0
    },
    {
      "id": 0,
      "pos": [
        1.6766089967107862,
        -2.5052962811277824,
        -7.306392776346073
      ],
      "q": 0.0
    },
    {
      "id": 0,
      "pos": [
        5.246724459961211,
        4.25617091286869,
        -6.924538335991731
      ],
      "q": 0.0
    },
    {
      "id": 0,
      "pos": [
        1.2865519410076949,
        8.90143185493657,
        -3.7953998741302777
      ],
      "q": 0.0
    },
    {
      "id": 0,
      "pos": [
        6.8034071253254815,
        6.447174320249172,
        8.219176184337813
      ],
      "q": 0.0
    },
    {
      "id": 0,
      "pos": [
        6.822884509255308,
        -2.4878637764951788,
        8.282654048725481
      ],
      "q": 0.0
    },
    {
      "id": 0,
      "pos": [
        -8.84167857719945,
        -5.244485554153201,
        9.280095765629897
      ],
      "q": 0.0
    },
    {
      "id": 0,
      "pos": [
        1.018844987631633,
        -5.192999426721011,
        -3.858622034227317
      ],
      "q": 0.0
    },
    {
      "id": 0,
      "pos": [
        -4.0596036680176315,
        4.142101871173444,
        6.428561381698916
      ],
      "q": 0.0
    },
    {
      "id": 0,
      "pos": [
        -2.064806771243207,
        4.219774246006084,
        -8.243778868455426
      ],
      "q": 0.0
    },
    {
      "id": 0,
      "pos": [
        -3.8352125467100637,
        -0.2162562803386956,
        -1.051550148589689
      ],
      "q": 0.0
    },
    {
      "id": 0,
      "pos": [
        -0.396856134127061,
        2.1336052106468575,
        -0.3237482738318074
      ],
      "q": 0.0
    },
    {
      "id": 0,
      "pos": [
        9.018068764126694,
        -2.2796883315371206,
        -6.393383217325582
      ],
      "q": 0.0
    },
    {
      "id": 0,
      "pos": [
        -7.871954301416635,
        -5.035892793118977,
        1.8990443897786766
      ],
      "q": 0.0
    },
    {
      "id": 0,
      "pos": [
        -7.260851736445572,
        -2.5044490602344154,
        -1.552055490113364
      ],
      "q": 0.0
    },
    {
      "id": 0,
      "pos": [
        6.3271449444683645,
        -7.4244439208603366,
        8.139384698558171
      ],
      "q": 0.0
    },
    {
      "id": 0,
      "pos": [
        -0.3864170227134002,
        1.9416976940661401,
        7.025678136434347
      ],
      "q": 0.0
    },
    {
      "id": 0,
      "pos": [
        -0.37717895119591305,
        4.332013398074969,
        3.3265869213266948
      ],
      "q": 0.0
    },
    {
      "id": 0,
      "pos": [
        -7.870608369857884,
        -7.585343575612286,
        -1.8240142212809642
      ],
      "q": 0.0
    },
    {
      "id": 0,
      "pos": [
        -0.3413704051913185,
        9.008523552769299,
        3.3523430189673906
      ],
      "q": 0.0
    },
    {
      "id": 0,
      "pos": [
        -5.247521097886835,
        -7.225254366397197,
        -8.703087150738877
      ],
      "q": 0.0
    },
    {
      "id": 0,
      "pos": [
        -6.309770492488323,
        -4.940577278183994,
        -5.034299109713441
      ],
      "q": 0.0
    },
    {
      "id": 0,
      "pos": [
        5.403864080544714,
        -4.980651123226531,
        -6.784288918252607
      ],
      "q": 0.0
    },
    {
      "id": 0,
      "pos": [
        3.243862660871159,
        4.461039553053377,
        0.28882708897586784
      ],
      "q": 0.0
    },
    {
      "id": 0,
      "pos": [
        3.343433288891032,
        6.560747024147753,
        3.9984466608490887
      ],
      "q": 0.0
    },
    {
      "id": 0,
      "pos": [
        7.028193985858189,
        4.205431327012033,
        4.534621897663483
      ],
      "q": 0.0
    },
    {
      "id": 0,
      "pos": [
        3.262013098753806,
        -5.054768998582418,
        0.27204362777869345
      ],
      "q": 0.0
    },
    {
      "id": 0,
      "pos": [
        3.4500795656566923,
        -7.376516970969212,
        4.157343582943216
      ],
      "q": 0.0
    },
    {
      "id": 0,
      "pos": [
        -4.056606097306283,
        6.696446476123608,
        2.7487606346858766
      ],
      "q": 0.0
    },
    {
      "id": 0,
      "pos": [
        -0.41086359968111336,
        -2.57455528446982,
        7.056668845341187
      ],
      "q": 0.0
    },
    {
      "id": 0,
      "pos": [
        -7.889125075191429,
        -0.23609614495168638,
        2.058035147860323
      ],
      "q": 0.0
    },
    {
      "id": 0,
      "pos": [
        1.5550174439738413,
        2.0178484913645653,
        -7.348868705376274
      ],
      "q": 0.0
    },
    {
      "id": 0,
      "pos": [
        -6.0232610778682405,
        -0.22148699743851835,
        -5.028946052947153
      ],
      "q": 0.0
    },
    {
      "id": 0,
      "pos": [
        -1.9134055485325392,
        8.872048417082464,
        -8.206948608439765
      ],
      "q": 0.0
    },
    {
      "id": 0,
      "pos": [
        -4.1230063720476515,
        -2.6860326105815906,
        2.507639797695806
      ],
      "q": 0.0
    },
    {
      "id": 0,
      "pos": [
        -0.47318598453082106,
        -7.389664372915555,
        -0.37458946025733636
      ],
      "q": 0.0
    },
    {
      "id": 0,
      "pos": [
        -1.8713374371875766,
        -4.837052840978241,
        -8.118732253784527
      ],
      "q": 0.0
    },
    {
      "id": 0,
      "pos": [
        7.065904283400041,
        6.651913479013734,
        0.8052864319425824
      ],
      "q": 0.0
    },
    {
      "id": 0,
      "pos": [
        -0.40080592365759427,
        -7.253110886870617,
        7.059682725739362
      ],
      "q": 0.0
    },
    {
      "id": 0,
      "pos": [
        3.2527353000147547,
        -0.21097269974898358,
        7.803279512525273
      ],
      "q": 0.0
    },
    {
      "id": 0,
      "pos": [
        -4.18047151762852,
        2.001219522308098,
        2.6048147213773833
      ],
      "q": 0.0
    },
    {
      "id": 0,
      "pos": [
        -7.882297437882603,
        -2.6571623425774775,
        5.748614237616059
      ],
      "q": 0.0
    },
    {
      "id": 0,
      "pos": [
        4.642232683241571,
        2.1564458652873344,
        -3.170401415598471
      ],
      "q": 0.0
    },
    {
      "id": 0,
      "pos": [
        -0.360297778003672,
        -2.7922007794451322,
        -0.4528134315217521
      ],
      "q": 0.0
    },
    {
      "id": 0,
      "pos": [
        8.815506073781183,
        6.58418196699153,
        -5.9780839783671755
      ],
      "q": 0.0
    },
    {
      "id": 0,
      "pos": [
        -4.144847564338898,
        -7.382365937364643,
        2.657070204909027
      ],
      "q": 0.0
    },
    {
      "id": 0,
      "pos": [
        5.102614847146447,
        8.857901888196,
        -6.967797539401743
      ],
      "q": 0.0
    },
    {
      "id": 0,
      "pos": [
        7.8869626589756,
        -0.35714390846737776,
        -2.746015469340503
      ],
      "q": 0.0
    },
    {
      "id": 0,
      "pos": [
        7.095535450085075,
        -7.274928807977626,
        0.7972866253694966
      ],
      "q": 0.0
    },
    {
      "id": 0,
      "pos": [
        1.0301666319963152,
        -0.16131212725364447,
        -3.636066443086444
      ],
      "q": 0.0
    },
    {
      "id": 0,
      "pos": [
        -2.5146439151717384,
        -2.7049165396153363,
        -4.443701424295334
      ],
      "q": 0.0
    },
    {
      "id": 0,
      "pos": [
        -7.829409163068012,
        1.9360659242486935,
        5.780785872950096
      ],
      "q": 0.0
    },
    {
      "id": 0,
      "pos": [
        3.25859256984107,
        -0.2983312335791712,
        0.26279927488448435
      ],
      "q": 0.0
    },
    {
      "id": 0,
      "pos": [
        -6.010919859974903,
        4.354519265428514,
        -5.094493817135324
      ],
      "q": 0.0
    },
    {
      "id": 0,
      "pos": [
        -4.03537413725515,
        -5.185975159583865,
        -1.1436233270109828
      ],
      "q": 0.0
    },
    {
      "id": 0,
      "pos": [
        -0.47226857069794625,
        6.4932462345534665,
        7.010521136784097
      ],
      "q": 0.0
    }
  ],
  "reactionlist": []
}