{
    "analysis": [
        {
            "reactioncoordinate": {
                "average": 0.66615,
                "file": "confid_mol0.dat",
                "index": 0,
                "nstep": 5,
                "property": "confid",
                "relative time": 0.0385,
                "samples": 40000,
                "type": "molecule"
            }
        },
        {
            "reactioncoordinate": {
                "average": 0.666875,
                "file": "confid_mol1.dat",
                "index": 1,
                "nstep": 5,
                "property": "confid",
                "samples": 40000,
                "type": "molecule"
            }
        },
        {
            "sanity": {
                "nstep": 1,
                "samples": 200000
            }
        },
        {
            "savestate": {
                "file": "confout.pqr"
            }
        },
        {
            "savestate": {
                "file": "state.json"
            }
        }
    ],
    "compiler": "4.2.1 Compatible Apple LLVM 10.0.0 (clang-1000.11.45.5)",
    "energy": [
        {
            "hamiltonian": [
                {
                    "nonbonded": {
                        "cutoff_g2g": {
                            "water water": null
                        },
                        "pairpot": {
                            "default": [
                                {
                                    "lennardjones": {
                                        "mixing": "LB"
                                    }
                                }
                            ]
                        }
                    },
                    "relative time": 0.013522036484861794
                }
            ]
        }
    ],
    "geometry": {
        "length": [
            20.0,
            20.0,
            20.0
        ],
        "type": "cuboid"
    },
    "git revision": "083bdeba (2019-03-12)",
    "groups": [
        {
            "water": {
                "confid": 1,
                "index": [
                    0,
                    2
                ],
                "size": 3
            }
        },
        {
            "water": {
                "confid": 1,
                "index": [
                    3,
                    5
                ],
                "size": 3
            }
        }
    ],
    "last move": "conformationswap",
    "moves": [
        {
            "conformationswap": {
                "acceptance": 0.998,
                "molecule": "water",
                "molid": 0,
                "moves": 401102,
                "relative time": 0.294,
                "relative time (without energy calc)": 0.0574,
                "repeat": 2
            }
        },
        {
            "moltransrot": {
                "acceptance": 0.987,
                "dir": [
                    1.0,
                    1.0,
                    1.0
                ],
                "dp": 5.0,
                "dprot": 1.0,
                "molecule": "water",
                "molid": 0,
                "moves": 398898,
                "relative time": 0.249,
                "relative time (without energy calc)": 0.026,
                "repeat": 2,
                "√⟨r²⟩": 2.86
            }
        }
    ],
    "number of groups": 2,
    "number of particles": 6,
    "reactionlist": null,
    "relative drift": 1.3097431273518417e-14,
    "temperature": 300.0
}
