{
    "analysis": [
        {
            "savestate": {
                "file": "state.json"
            }
        },
        {
            "density": {
                "atomic": {
                    "h2po4": {
                        "c/M": 0.07162491627651757
                    },
                    "h3po4": {
                        "c/M": 0.09442859512509481
                    },
                    "hpo4": {
                        "c/M": 0.001660540103953132
                    }
                },
                "molecular": null,
                "nskip": 1000,
                "nstep": 10,
                "relative time": 0.0171,
                "samples": 59900,
                "∛⟨V⟩": 100.0,
                "⟨1/V⟩": 1e-06,
                "⟨V⟩": 1000000.0,
                "⟨∛V⟩": 100.0
            }
        },
        {
            "reactioncoordinate": {
                "average": -43.124040066777965,
                "file": "Q.dat",
                "nskip": 1000,
                "nstep": 100,
                "property": "Q",
                "relative time": 0.0031,
                "samples": 5990,
                "type": "system"
            }
        },
        {
            "sanity": {
                "nskip": 0,
                "nstep": 100,
                "relative time": 9.29e-06,
                "samples": 6000
            }
        }
    ],
    "compiler": "4.2.1 Compatible Apple LLVM 10.0.0 (clang-1000.11.45.5)",
    "energy": [
        {
            "hamiltonian": [
                {
                    "nonbonded": {
                        "cutoff_g2g": null,
                        "pairpot": {
                            "default": [
                                {
                                    "wca": {
                                        "mixing": "LB"
                                    }
                                }
                            ]
                        }
                    },
                    "relative time": 0.08467190034260605
                }
            ]
        }
    ],
    "geometry": {
        "length": [
            100.0,
            100.0,
            100.0
        ],
        "type": "cuboid"
    },
    "git revision": "d2ee5e1e (2019-01-28)",
    "groups": [
        {
            "H3PO4": {
                "index": [
                    0,
                    99
                ],
                "size": 100
            }
        }
    ],
    "moves": [
        {
            "speciation": {
                "acceptance": 0.306,
                "moves": 600000,
                "reactions": {
                    "h2po4 = hpo4 + H": {
                        "attempts": 100203
                    },
                    "h3po4 = h2po4 + H": {
                        "acceptance": 0.9194168768711543,
                        "attempts": 199409
                    }
                },
                "relative time": 0.835,
                "relative time (without energy calc)": 0.559,
                "repeat": 1
            }
        }
    ],
    "number of groups": 1,
    "number of particles": 100,
    "reactionlist": [
        {
            "h3po4 = h2po4 + H": {
                "pK": 2.12,
                "pK'": 0.12000000000000045,
                "products": [
                    "h2po4",
                    "H"
                ],
                "reactants": [
                    "h3po4"
                ]
            }
        },
        {
            "h2po4 = hpo4 + H": {
                "pK": 7.21,
                "pK'": 5.21,
                "products": [
                    "hpo4",
                    "H"
                ],
                "reactants": [
                    "h2po4"
                ]
            }
        },
        {
            "hpo4 = po4 + H": {
                "pK": 12.67,
                "pK'": 10.670000000000002,
                "products": [
                    "po4",
                    "H"
                ],
                "reactants": [
                    "hpo4"
                ]
            }
        }
    ],
    "relative drift": 1e-11,
    "temperature": 300.0
}
