{
  "geometry": {
    "length": [
      100.0,
      100.0,
      100.0
    ],
    "type": "cuboid"
  },
  "groups": [
    {
      "atomic": true,
      "cm": [
        0.0,
        0.0,
        0.0
      ],
      "id": 0,
      "size": 100
    }
  ],
  "particles": [
    {
      "id": 1,
      "pos": [
        29.792861516022604,
        -13.870599865081912,
        -28.807566760826642
      ],
      "q": -1.0
    },
    {
      "id": 1,
      "pos": [
        -32.61348279995197,
        -19.80868731226803,
        29.72799152382757
      ],
      "q": -1.0
    },
    {
      "id": 0,
      "pos": [
        16.360552050975297,
        -37.41033665279988,
        -28.979092548099384
      ],
      "q": 0.0
    },
    {
      "id": 1,
      "pos": [
        29.39749715491927,
        42.087479115216176,
        30.75310254364011
      ],
      "q": -1.0
    },
    {
      "id": 0,
      "pos": [
        27.391712891365493,
        7.375466659659146,
        37.675741509077746
      ],
      "q": 0.0
    },
    {
      "id": 1,
      "pos": [
        -34.19424154452943,
        26.173121368946152,
        -26.984393546607023
      ],
      "q": -1.0
    },
    {
      "id": 1,
      "pos": [
        -10.76795308019034,
        6.155744235816618,
        -29.193194294803636
      ],
      "q": -1.0
    },
    {
      "id": 1,
      "pos": [
        46.49663721057611,
        -34.55615825648638,
        -10.50917893720736
      ],
      "q": -1.0
    },
    {
      "id": 0,
      "pos": [
        36.26781870404293,
        12.036001322058333,
        -38.04528188971689
      ],
      "q": 0.0
    },
    {
      "id": 0,
      "pos": [
        5.826875635267637,
        0.31900210660831263,
        -3.752579357805269
      ],
      "q": 0.0
    },
    {
      "id": 0,
      "pos": [
        47.99256047610887,
        -46.56826867711185,
        47.70020346098837
      ],
      "q": 0.0
    },
    {
      "id": 0,
      "pos": [
        48.23605637489462,
        -40.46448256671887,
        -21.73267092682563
      ],
      "q": 0.0
    },
    {
      "id": 1,
      "pos": [
        -36.19986738745939,
        -11.76670630458258,
        26.24212848199454
      ],
      "q": -1.0
    },
    {
      "id": 0,
      "pos": [
        -15.616046406793089,
        -46.67314318080324,
        -33.71278764421114
      ],
      "q": 0.0
    },
    {
      "id": 1,
      "pos": [
        -0.9698503619997467,
        45.49433742514929,
        15.196867193005382
      ],
      "q": -1.0
    },
    {
      "id": 1,
      "pos": [
        -9.501861640824854,
        40.84336147743798,
        30.913724311836766
      ],
      "q": -1.0
    },
    {
      "id": 1,
      "pos": [
        -21.219501567624487,
        12.343557708540299,
        31.18739808418217
      ],
      "q": -1.0
    },
    {
      "id": 0,
      "pos": [
        -12.058116330738978,
        -4.150309950826086,
        -19.63860285990609
      ],
      "q": 0.0
    },
    {
      "id": 1,
      "pos": [
        37.0186765331489,
        -13.913928651771796,
        41.71179157669729
      ],
      "q": -1.0
    },
    {
      "id": 1,
      "pos": [
        -48.154915652674475,
        40.018319838469,
        -30.55046162962708
      ],
      "q": -1.0
    },
    {
      "id": 1,
      "pos": [
        13.306366499285382,
        8.438223325293892,
        22.665438123626657
      ],
      "q": -1.0
    },
    {
      "id": 0,
      "pos": [
        -38.68074639449226,
        49.35347179615675,
        -31.842702085560138
      ],
      "q": 0.0
    },
    {
      "id": 1,
      "pos": [
        -21.837265892454305,
        46.86403754719728,
        -28.622726130791733
      ],
      "q": -1.0
    },
    {
      "id": 0,
      "pos": [
        -32.98477212376753,
        -20.094818443080047,
        13.646856844320787
      ],
      "q": 0.0
    },
    {
      "id": 0,
      "pos": [
        -37.093383578226046,
        -20.803921584046257,
        34.71096488965101
      ],
      "q": 0.0
    },
    {
      "id": 0,
      "pos": [
        21.997093580061645,
        -43.45549352702811,
        1.3859186367553122
      ],
      "q": 0.0
    },
    {
      "id": 0,
      "pos": [
        43.425058634250114,
        -2.747475853709819,
        11.09161944732634
      ],
      "q": 0.0
    },
    {
      "id": 1,
      "pos": [
        9.605793352906456,
        -18.98440021346553,
        46.299752108005976
      ],
      "q": -1.0
    },
    {
      "id": 1,
      "pos": [
        -7.778161120144528,
        43.60550640892691,
        -35.778279556590725
      ],
      "q": -1.0
    },
    {
      "id": 1,
      "pos": [
        40.69440930810454,
        -42.34960265147567,
        21.39039205325275
      ],
      "q": -1.0
    },
    {
      "id": 0,
      "pos": [
        40.893657471213395,
        11.727908496204753,
        -31.918129728714472
      ],
      "q": 0.0
    },
    {
      "id": 0,
      "pos": [
        -32.7882189031884,
        -0.7210412736466054,
        -30.46752306696936
      ],
      "q": 0.0
    },
    {
      "id": 1,
      "pos": [
        44.65772551607054,
        -33.33017314463253,
        47.18774005931614
      ],
      "q": -1.0
    },
    {
      "id": 1,
      "pos": [
        -18.951003944933063,
        -37.93510690561732,
        23.779082011113385
      ],
      "q": -1.0
    },
    {
      "id": 0,
      "pos": [
        -0.21305715242312395,
        -16.420210149222868,
        -24.717665071237764
      ],
      "q": 0.0
    },
    {
      "id": 0,
      "pos": [
        20.715972667574224,
        -26.52343966556928,
        -2.2004253643986837
      ],
      "q": 0.0
    },
    {
      "id": 0,
      "pos": [
        49.647506705142575,
        3.2097522128460954,
        39.943600631846664
      ],
      "q": 0.0
    },
    {
      "id": 1,
      "pos": [
        8.676498234140595,
        -45.10167976788914,
        26.996566551394274
      ],
      "q": -1.0
    },
    {
      "id": 0,
      "pos": [
        47.47543864880045,
        24.850515939083984,
        13.45020038299144
      ],
      "q": 0.0
    },
    {
      "id": 0,
      "pos": [
        13.111992425538233,
        49.45054225750374,
        1.6047826830209
      ],
      "q": 0.0
    },
    {
      "id": 0,
      "pos": [
        18.12713705249198,
        -42.11576276898946,
        -4.106371249565805
      ],
      "q": 0.0
    },
    {
      "id": 1,
      "pos": [
        -1.6624837545658189,
        -36.91945356486499,
        -40.55592314206473
      ],
      "q": -1.0
    },
    {
      "id": 0,
      "pos": [
        -8.423748932762376,
        -2.5281598168396813,
        -44.45585735866184
      ],
      "q": 0.0
    },
    {
      "id": 0,
      "pos": [
        -5.104813753149479,
        1.0108912986547702,
        -26.93680745999526
      ],
      "q": 0.0
    },
    {
      "id": 1,
      "pos": [
        -49.699879474370995,
        -5.357606698271905,
        47.0944150297474
      ],
      "q": -1.0
    },
    {
      "id": 1,
      "pos": [
        -9.249808436218693,
        -28.437070584076316,
        4.025208697484839
      ],
      "q": -1.0
    },
    {
      "id": 0,
      "pos": [
        30.176297340482105,
        35.70724318896098,
        -48.51082997011253
      ],
      "q": 0.0
    },
    {
      "id": 1,
      "pos": [
        24.67682797736661,
        34.48562696853686,
        -28.28613766609157
      ],
      "q": -1.0
    },
    {
      "id": 1,
      "pos": [
        45.25947670903301,
        26.737005175526175,
        36.1968809297727
      ],
      "q": -1.0
    },
    {
      "id": 0,
      "pos": [
        25.951148963832615,
        -14.293577406258768,
        27.178605580516823
      ],
      "q": 0.0
    },
    {
      "id": 1,
      "pos": [
        45.12644264060411,
        -23.411248530157515,
        41.93857265065735
      ],
      "q": -1.0
    },
    {
      "id": 0,
      "pos": [
        16.641682513111867,
        -34.7034267378138,
        47.32287748090126
      ],
      "q": 0.0
    },
    {
      "id": 1,
      "pos": [
        40.32409694969634,
        -49.402638529229115,
        19.356180838194604
      ],
      "q": -1.0
    },
    {
      "id": 1,
      "pos": [
        -35.16911208657487,
        13.927818279591209,
        49.559368710030405
      ],
      "q": -1.0
    },
    {
      "id": 1,
      "pos": [
        -23.817273645282434,
        -4.7755231689975535,
        -3.9973115200368445
      ],
      "q": -1.0
    },
    {
      "id": 0,
      "pos": [
        -0.30054803363199767,
        9.097324490230907,
        6.8791522896728186
      ],
      "q": 0.0
    },
    {
      "id": 0,
      "pos": [
        42.67870400985914,
        -10.160868288553715,
        -46.009705957936596
      ],
      "q": 0.0
    },
    {
      "id": 1,
      "pos": [
        -43.2553145717268,
        -27.89941162221291,
        14.436472637801668
      ],
      "q": -1.0
    },
    {
      "id": 1,
      "pos": [
        18.621608359800945,
        -26.873373434990693,
        49.47747530606266
      ],
      "q": -1.0
    },
    {
      "id": 1,
      "pos": [
        35.16957419630903,
        -32.83970848959186,
        44.73942572270663
      ],
      "q": -1.0
    },
    {
      "id": 0,
      "pos": [
        45.087424388203566,
        -43.60185407321645,
        16.452567422344377
      ],
      "q": 0.0
    },
    {
      "id": 0,
      "pos": [
        -4.9967732312986515,
        -40.145621566697834,
        41.60178112761114
      ],
      "q": 0.0
    },
    {
      "id": 0,
      "pos": [
        -28.419673463005314,
        -44.85073536562525,
        -44.13014589950578
      ],
      "q": 0.0
    },
    {
      "id": 0,
      "pos": [
        -29.843301092618425,
        -47.45003383508402,
        -43.35595575256663
      ],
      "q": 0.0
    },
    {
      "id": 1,
      "pos": [
        -32.351478220363894,
        -40.72895526581376,
        -44.038546902628475
      ],
      "q": -1.0
    },
    {
      "id": 1,
      "pos": [
        -43.262369714494575,
        -12.497535035607344,
        34.85785679577012
      ],
      "q": -1.0
    },
    {
      "id": 0,
      "pos": [
        -45.69682189785715,
        35.65153310096233,
        -31.930689399476314
      ],
      "q": 0.0
    },
    {
      "id": 1,
      "pos": [
        -40.94782835486653,
        45.21431393366916,
        -22.045558034810377
      ],
      "q": -1.0
    },
    {
      "id": 0,
      "pos": [
        -30.85135267881088,
        -48.89754191407732,
        -10.772552060574425
      ],
      "q": 0.0
    },
    {
      "id": 0,
      "pos": [
        42.509477103766216,
        38.0747919775559,
        -48.054767909886564
      ],
      "q": 0.0
    },
    {
      "id": 1,
      "pos": [
        0.34103131925384833,
        -36.66635234630919,
        21.312535160241243
      ],
      "q": -1.0
    },
    {
      "id": 0,
      "pos": [
        15.961039283734223,
        -22.956177631999065,
        14.228011661821826
      ],
      "q": 0.0
    },
    {
      "id": 0,
      "pos": [
        -25.93447275623424,
        41.91172424953555,
        10.383730399920065
      ],
      "q": 0.0
    },
    {
      "id": 1,
      "pos": [
        -22.20622294628584,
        -25.74736219044812,
        -49.85087070130124
      ],
      "q": -1.0
    },
    {
      "id": 0,
      "pos": [
        -0.06077941762107075,
        -11.548879630887877,
        33.073091454206526
      ],
      "q": 0.0
    },
    {
      "id": 1,
      "pos": [
        -5.129197446854006,
        17.205892552563284,
        40.93655533252093
      ],
      "q": -1.0
    },
    {
      "id": 1,
      "pos": [
        -41.92633932015477,
        -9.469883531153833,
        -29.2509560192463
      ],
      "q": -1.0
    },
    {
      "id": 0,
      "pos": [
        -11.192774932090066,
        -49.39864576370614,
        -49.00801812530015
      ],
      "q": 0.0
    },
    {
      "id": 0,
      "pos": [
        -44.79011612868303,
        11.088435902621086,
        4.457275013200823
      ],
      "q": 0.0
    },
    {
      "id": 0,
      "pos": [
        23.02547065345132,
        27.974179125687158,
        -1.1352966144580146
      ],
      "q": 0.0
    },
    {
      "id": 1,
      "pos": [
        -13.213940427305564,
        -38.21085118459086,
        9.862499547703829
      ],
      "q": -1.0
    },
    {
      "id": 0,
      "pos": [
        -46.480978244083516,
        35.313907269957326,
        45.06138612544236
      ],
      "q": 0.0
    },
    {
      "id": 0,
      "pos": [
        41.313850580957535,
        -33.22176946658193,
        -48.11113834388556
      ],
      "q": 0.0
    },
    {
      "id": 0,
      "pos": [
        8.646338610459859,
        6.322989895808739,
        42.423252863375126
      ],
      "q": 0.0
    },
    {
      "id": 0,
      "pos": [
        -18.137513653045783,
        7.3892819353060135,
        14.12637431250008
      ],
      "q": 0.0
    },
    {
      "id": 0,
      "pos": [
        47.26790432724185,
        0.5234961062278387,
        42.14434008445929
      ],
      "q": 0.0
    },
    {
      "id": 1,
      "pos": [
        26.464368773990564,
        -8.781738894575131,
        -44.41151990926642
      ],
      "q": -1.0
    },
    {
      "id": 1,
      "pos": [
        -2.7572252396130814,
        -16.91855759212606,
        -12.548504089653417
      ],
      "q": -1.0
    },
    {
      "id": 1,
      "pos": [
        40.73856759104852,
        -39.53418525595781,
        -40.07485914736282
      ],
      "q": -1.0
    },
    {
      "id": 1,
      "pos": [
        -9.04971829594104,
        -39.227549504753696,
        -1.067889758381363
      ],
      "q": -1.0
    },
    {
      "id": 0,
      "pos": [
        4.520721365249203,
        -43.0368212457889,
        -48.26584879726787
      ],
      "q": 0.0
    },
    {
      "id": 1,
      "pos": [
        -46.33219132516098,
        6.378333591095398,
        -15.281092220190862
      ],
      "q": -1.0
    },
    {
      "id": 0,
      "pos": [
        -48.16078937490788,
        -49.59140002015893,
        -10.970147824015902
      ],
      "q": 0.0
    },
    {
      "id": 1,
      "pos": [
        7.110298126565762,
        -6.165768328919652,
        -17.99538616625679
      ],
      "q": -1.0
    },
    {
      "id": 0,
      "pos": [
        -18.734676177133412,
        -21.10130386322152,
        -17.418965657167757
      ],
      "q": 0.0
    },
    {
      "id": 1,
      "pos": [
        4.499044701817789,
        3.608718224103835,
        16.79349083628202
      ],
      "q": -1.0
    },
    {
      "id": 0,
      "pos": [
        29.964706879157845,
        -5.7255206864991965,
        20.024695295536567
      ],
      "q": 0.0
    },
    {
      "id": 0,
      "pos": [
        -27.50506904003438,
        5.1299538409065315,
        -21.410477083718888
      ],
      "q": 0.0
    },
    {
      "id": 1,
      "pos": [
        -27.0903169081641,
        -6.918614902472164,
        22.451673838089224
      ],
      "q": -1.0
    },
    {
      "id": 0,
      "pos": [
        13.749432301138764,
        49.158095219083044,
        40.937719525642095
      ],
      "q": 0.0
    }
  ],
  "random-global": {
    "seed": "471175682 564680895 2808502943 2751530411 4251805242 1613180502 3310240096 3343523010 3717756947 2680159318 1709542511 3053045519 4181219402 1478032163 3212255056 907550976 1623460999 510898614 2315417921 1948965158 1388117905 3506145128 574100255 1132395905 4107155016 1274514825 4035043485 3436711560 573429070 2240963303 4241093724 2441281561 3646049126 244262740 639914648 667065410 2975092258 1941802615 3713231663 3321212043 1863008084 3710651319 485908780 572464902 1317007614 1100184214 3232057334 1969145531 4002617049 2246793623 803033061 1524204879 3380853201 2955332832 3374886794 3655724309 3696319408 4291537153 541650108 3019281367 2835527281 1339202218 4096643635 806422991 2552384368 1710065464 2756887688 1140454553 3295426802 3793653831 957930618 2231817598 1348816201 1630219405 449896587 2246213526 1148158790 807242734 531530690 2761843135 3146721333 814034172 1957446902 3657885 1139457441 3439362435 1832275118 2193082278 3260497987 3226549910 2598485813 3337465425 871379734 3199376715 2745490783 703160075 775135924 2986710572 2863985327 3723685087 3655074119 572924625 2382349085 1340955506 266604693 4219022719 2405438595 4291651816 1475811693 972110067 254379804 1897700973 163037944 1057684416 1592504806 1272917589 122917409 4068089392 2215958173 1729491992 4230737611 1621395951 2055773270 967956116 1549971607 316822948 3646794259 3363673444 2702834511 955774368 382079032 3305593809 1998972556 3849687487 2662112222 1300074160 1231887100 2437641355 2140223572 2382222103 2454224381 1862531576 580118940 1459461775 3400193542 635797463 57077276 3400063754 1877132654 1981931315 3684838893 3182865301 2563974592 4258436768 3193919033 3946122452 1958500934 1179816171 3845048121 2010115478 4012659983 3298284584 987821661 2205798366 1638027285 1894382293 3427522824 2533981670 3978455559 3473461743 3761668619 985774891 3995834476 2840792128 1919745104 248356143 231171311 1166958460 1906913881 4042907122 989011211 2250339512 1784723691 797955227 3415449636 1004264882 1006111648 2967645040 2627454171 248059714 2554116555 3688025040 3054437063 4252796616 364478230 3307366875 4015911367 2477369935 3230212526 2982696419 2127843680 377633155 2585810335 1820227741 3250238109 2368262992 1532141740 1898077588 4278560744 850580473 4202504593 1266170029 964969008 852525617 3770346954 2069535952 2036046609 3644675283 832228164 661325716 2073629043 685899233 3418576643 3974854181 2810459088 486605575 2811728639 373996864 2914221382 1857842912 50187751 1774936837 1791624248 3979388396 3144562904 1217644568 2282396526 1666037022 4259583933 33873419 4245228550 107626470 3608080916 4026126683 452197802 3245940017 3986579350 279893717 1202246138 1134517194 1605998753 1337229503 3890987280 419155641 2015346155 2622727521 3310958873 2787396565 3981656185 3490039550 2253946411 2339328959 1007729798 3165899077 1951125798 1162109895 653610117 997770441 630876655 3738837438 2430991611 1884636424 3110422754 1957991746 373159391 3512704502 3363737886 2746881825 1176925767 4060633470 1278057442 3683194573 2509146106 1608070269 458837456 3343083504 2421042241 2413593239 1387367828 3086460412 856416441 1956827762 3142245287 2161996398 3215902793 1886271766 3209956967 2064493232 3164819635 1914671775 1024341794 3993444788 3839513916 2840357898 3549975869 3087379665 299649590 2757155277 176995593 935798936 1880216532 3575976541 2990242075 1770470228 4229668530 3583394893 3140187030 2604231907 4280926176 3953281726 4089811300 3248981689 3289810606 2400830844 3916914370 916505489 4179026691 1681566708 2740554750 901520175 2420183768 2203901127 2520112134 1588076558 3045898140 3766896876 2668324360 1493376134 3909833513 802002583 2645688764 1219334354 1782691866 3954601519 2305427462 2426248908 4205638142 417693922 673887451 4093232800 222618582 1422562156 2156661137 1786440365 4266256969 1422406089 2999429841 1544158350 971401149 749983141 45119730 967758547 68556126 1303810302 3899656942 4027294851 2954044689 1588009389 3144860499 3488211762 283185367 3445730441 1925801026 3718131730 1736291122 3266345475 336944063 1247359714 546856566 4075432741 217493392 2044008883 1846607578 3357196130 4279572301 2352515183 3697653612 407306929 1174640348 524412737 3637189988 1957650894 1434587151 872494154 325512633 1342068806 1177733743 3894804029 3519609858 444863645 2577509496 3617084166 678312983 592817286 1922507695 4204279462 368395083 857873603 2554118590 2703212901 653226828 2719154235 3687243695 1585589860 1207757177 3353718430 4170630993 3695463650 872745257 1201981749 2612009749 800423415 2999264350 501359384 1776316629 1581419263 255867476 2065477974 1664278261 48473312 3622949464 2952034341 4229450310 1335078788 3434997819 1304161135 1981275171 1090728469 877011263 1145928113 2147133599 1395629717 995434187 144352050 2952724219 1599489157 2388758102 1104566718 2186726094 2602600367 257185586 3452071565 2469719415 1903285465 1714797945 2854757737 902356314 2080974514 1721991280 507178854 248842245 2846463580 3362644813 3887015720 1743786559 1551780663 2468319440 1144817751 3594855241 3204313132 3694204470 3142526676 4135193094 2059995957 332493595 357976748 2067212151 2029429097 3543489041 589467639 3193054901 924223870 901148667 4281812533 1429039088 3180971042 2830840819 1433035188 1581121225 1004150325 2737355146 2363280116 3861687711 412669344 2204261531 2535989518 3361223724 4173993480 3832132103 2526441880 678531223 3326162851 476068897 3260417472 208034739 1233874144 456686236 2504131249 2915011991 1045906033 1448044071 978292946 2510835744 3118321418 1070165001 1284145932 4057420817 653784376 114152745 2073676885 2127072818 3895117621 88830546 2560429717 726364788 2476709046 1098790176 3850539654 1716584499 2321217574 447794315 3954063315 529249893 3785651978 2298131851 2457902679 3952007040 1441654687 3871382435 1952903425 2434023879 2734499295 672920543 4138945226 1926824857 1699663993 704760345 1408513706 3290070039 4027079882 56006601 3116586211 3615608453 1957498487 4050624981 2908926861 2805369336 3891779782 4084006693 1386257529 2380969085 897201068 3028482927 1618458605 1355494075 1226401750 3401169021 2793029899 1936892290 1498691864 1916399319 50870653 4261134649 2962281983 4044436481 1340833196 1774686521 2780681441 3939402163 1309940747 3845223558 3530639223 531208404 2895326288 1459498087 1029084265 3280954658 1981824262 1243816321 3719872704 1642321605 92299816 3570628562 783422785 448509335 833557901 3777933733 3115687759 2274590743 44078403 1840000275 3781937706 176422423 1196769932 1799500347 1975837453 1803902408 1311832837 932251816 4039611042 312980585 3446197247 3519807212 2954687947 3394728851 1910949018 3655327816 4000088374 4111709032 4291139548 251418874 2490646199 2431070970 1211630446"
  },
  "random-move": {
    "seed": "2437453309 812908593 4257668459 2119006094 4059113725 799769474 29913721 1219678018 3071397247 3463263299 469424554 305551159 1617448309 538411483 962130322 2074280733 3402399211 4131566667 1723625365 4077573698 634158929 4038063604 1705770219 738266837 3075968547 706197194 2812527356 3155625172 882954986 20433639 2073398074 3658923067 189265912 1616268679 557533074 763608243 3709773942 4127598935 3484824633 901534732 2217541715 2601668203 1029840489 2833108262 3805811691 2735847417 3862621694 409083673 754659138 3886330877 851288220 2002106934 2777134999 3974206880 1954754944 3318763251 4149488604 2538295976 1555114987 683219724 2429398228 776096677 448320146 1164881554 2133813283 3064856401 111052212 2382763372 3559967003 2524257971 913591718 2395813091 2279776349 891943339 2297341373 1390873709 357223910 2271711970 3095679179 1195670779 1504388575 403334119 2434197762 914744805 345030332 2109488565 888401874 3145066402 2016916668 940241117 3846696954 1589678598 2026315042 3649017984 2040075972 1309643680 2626486815 2092398304 3902408330 3234159693 3449207917 1379551059 1761470418 1083853962 1059997185 2177622073 2270462117 471889666 169473738 1282335446 2699667530 3822428749 4138311181 4114371477 1513756422 1017601744 2161273928 2755691863 4179817093 263632267 3161931212 3645444315 906152528 2934145559 3983125329 756822621 2298731437 610023371 224896827 3712164075 3184138164 3197875200 521193304 167975576 1081853842 4224799374 2288421563 4155123193 2708551264 4001134517 3488718285 3707972833 752681467 273307017 2121132816 4037959388 2700154674 2801817438 2029409777 3181544714 787458622 3916996160 3239552044 35492716 285349365 1819162658 3089802205 152050224 3219742330 2039777888 1529546487 825244733 2145460826 1026001054 3283016379 1040896193 2808741358 3684192226 4166404851 4065995674 1248609003 2098065265 3407603460 510848571 2874802599 809065434 1357946846 860877478 509960712 1364918379 1177760967 2095571908 809251419 2104388243 3483011623 481297281 3767453485 1660850831 3347791814 2923365730 762085685 2644557868 4216096715 1924039608 3988925621 2006240490 283422741 801115294 257794796 453967533 2891165304 1681827408 1212386230 301806547 3381700518 2047759220 1950575221 3565388113 1787025236 1055120152 556260772 3600847863 500610032 900029791 2930677514 2562534658 3422062221 2518474872 1407004609 3248314260 2305632240 4113674139 2812954595 4222458554 168825172 1200072679 1574797775 3707816843 2124502381 4277084585 1369399111 377619182 2734223860 2083920947 2243918229 479926858 484659785 1592384014 3488985236 2577444274 2745763124 3046406235 3710894177 2882381110 1068873733 1423837987 1883771496 2266698152 965383516 409436273 993016763 3756736125 52115552 419672723 4148816851 1373469344 3373519846 107784519 500923671 4108117807 963806821 805356999 3655719719 126898699 3800513093 3754388692 3054376839 2826131572 3404103631 3705950023 2498488543 3610505133 3368273089 2845562795 3781907242 1941987417 2136846730 1728264634 136036127 1250492143 1651484415 635117899 747967067 3066471657 60968710 1998510345 2855203439 1670250370 463396946 4172655342 1164975233 549423678 489179268 2517606076 1558925509 3633230410 2597732638 1636332987 754675323 3368235905 190172181 3017632177 3553801970 445022836 3965741983 3248558391 1170041558 2711137293 3567311463 2800465358 4112681935 2912435060 3134680755 1061450652 1392048255 3130183758 3648615044 567750104 2190867686 1954600975 1631188765 1028789380 2044741259 1603941181 1297032830 1531252222 1947771269 2535494863 2001659635 971122736 641337008 2777270702 3928901569 3299302402 2387121198 714890430 2935828958 1451093751 389641275 1806710759 2396945786 1174690078 2884224648 3655239052 3916838744 1399344188 1840524150 3849791617 3140679276 2629355677 2848421258 1792205800 478044154 3016364395 4090736347 3557774510 169035617 1840367597 3886657090 3050773456 558274241 3858069698 2932006486 341696786 1113453134 3189976817 2885003899 4183586154 437586510 3759003828 217224324 1118552558 1280729737 2066519592 2242928640 3832432830 2499422163 3333828858 1365953919 3355365891 297019404 2800262431 3591913628 2649389899 4141655580 2043962964 2961091729 3570188665 3198623159 4049538514 827962968 912449021 530250585 3365511029 2689861751 2376201756 1302289308 2594045763 1957001073 73662351 1754155405 1812145931 3064379042 1942054676 3480719682 4151504181 1986068944 1099041154 3870917095 1748037362 2539649003 2107710220 3336170046 4104385692 1017675817 1456283890 4060949933 1433683840 3407629097 661816333 317468896 2551647704 4284792602 1767005026 320360261 3022058176 1599227358 1648183790 793289092 1214758158 3027262949 226611683 2486282416 2553213676 3751977608 3919324968 289363188 1427722314 1760215642 3755717704 3294586354 2762427144 3508528028 1485244604 3531399653 3857056664 3976904321 1550419678 91970245 1138436332 2298577921 853094462 289974277 3224563364 994465759 802119453 2584738763 389964857 3723066283 140355368 3250853936 4165602587 3550403357 2227184023 4080600842 1829549805 258664797 2332431198 333310793 3644276891 1965224195 3590586481 1952480492 3475746756 2987655742 4245922655 1322853442 3081854117 2757303407 2434518814 1052716526 1184289602 163528679 349130382 1048302100 3822935769 38397247 1105718440 1838714594 3891588555 528936 1527258642 2589478263 2624414046 2831700284 905337266 1207649420 17066956 2326335691 932569361 479627013 1867506231 1565393206 3493247030 1855410888 2137220748 3248156879 3342008180 3328004641 3695493329 649286638 514861396 3424754409 2926004608 2344986409 2027795089 1531686590 4108724677 3552209824 3532977823 3783918363 2998690045 1793729241 1613884663 298514849 4273168967 2534525549 1442178476 3312106882 382855124 433425920 4089094088 4003261457 2899534631 3712355533 544490045 4159134368 3192466417 1425239525 1485715334 3015614162 576208508 3388792052 1999238557 584666084 85102357 2058841943 1015009438 2949473739 2510973988 3761076744 3662907917 3200807638 3513558644 616372212 1630614254 1942693618 1683792375 999787879 4015158011 2576599271 1329849784 3076030075 435094851 4138794415 3757633866 1193653242 414799731 2407713651 268644824 2532744972 1471487831 3129990726 2638712144 415412045 4132926538 3308614876 3905048222 3900732809 1665251031 1007504650 2889629011 4086018513 1185928967 698487636 1251353950 2920991668 2419533102 3403425631 79712050 3882833388 927886946 1865069265 3271564807 3884393842 2172946839 1112124693 3970496770 201150896 2766853714 1914359549 1946021082 1492917551 3357863254 2991884678 556478150 3057565310 1469049186 3653238185 2499837210 685826098 1727231225 2668658117 4254326737 3761675618 696455360 2982098125 3505938139 3765121777 2650991313 2038445956 986768499 1716237053 2620629437"
  },
  "reactionlist": [
    {
      "h3po4 = h2po4 + H": {
        "pK": 2.12,
        "pK'": 0.12000000000000045,
        "products": [
          "h2po4",
          "H"
        ],
        "reactants": [
          "h3po4"
        ]
      }
    },
    {
      "h2po4 = hpo4 + H": {
        "pK": 7.21,
        "pK'": 5.21,
        "products": [
          "hpo4",
          "H"
        ],
        "reactants": [
          "h2po4"
        ]
      }
    },
    {
      "hpo4 = po4 + H": {
        "pK": 12.67,
        "pK'": 10.670000000000002,
        "products": [
          "po4",
          "H"
        ],
        "reactants": [
          "hpo4"
        ]
      }
    }
  ]
}