{
  "geometry": {
    "type": "cuboid",
    "length": [
      40.0,
      40.0,
      40.0
    ]
  },
  "groups": [
    {
      "atomic": false,
      "capacity": 3,
      "cm": [
        -1.8835868396799174,
        -9.05122043895764,
        -15.613646807300139
      ],
      "id": 0,
      "size": 3
    },
    {
      "atomic": false,
      "capacity": 3,
      "cm": [
        18.415953143712493,
        12.810110076377978,
        -1.770793812491552
      ],
      "id": 0,
      "size": 3
    },
    {
      "atomic": false,
      "capacity": 3,
      "cm": [
        17.65934324345549,
        15.343848617828666,
        -2.4030732716892085
      ],
      "id": 0,
      "size": 3
    },
    {
      "atomic": false,
      "capacity": 3,
      "cm": [
        0.9565194641367681,
        -9.608370455439687,
        -14.731109868090437
      ],
      "id": 0,
      "size": 3
    },
    {
      "atomic": false,
      "capacity": 3,
      "cm": [
        15.884598643170541,
        14.716632342034673,
        -0.3792994865846889
      ],
      "id": 0,
      "size": 3
    },
    {
      "atomic": false,
      "capacity": 3,
      "cm": [
        19.16028397811122,
        10.78041629751272,
        13.519987157937559
      ],
      "id": 0,
      "size": 3
    },
    {
      "atomic": false,
      "capacity": 3,
      "cm": [
        17.066169095612572,
        10.792996077240815,
        0.10978175040960869
      ],
      "id": 0,
      "size": 3
    },
    {
      "atomic": false,
      "capacity": 3,
      "cm": [
        15.845428464698728,
        12.793750718542567,
        1.9464569203291973
      ],
      "id": 0,
      "size": 3
    },
    {
      "atomic": false,
      "capacity": 3,
      "cm": [
        -16.331744512584454,
        5.408235118235527,
        -1.8034285678541941
      ],
      "id": 0,
      "size": 3
    },
    {
      "atomic": false,
      "capacity": 3,
      "cm": [
        -2.0018426514784147,
        -2.0628222738828077,
        8.121891756511946
      ],
      "id": 0,
      "size": 3
    }
  ],
  "particles": [
    {
      "id": 0,
      "pos": [
        -1.860125074607165,
        -9.0930199601355,
        -15.57100504883973
      ],
      "q": -0.8476
    },
    {
      "id": 1,
      "pos": [
        -2.1895895334003326,
        -9.328753598464047,
        -16.486473684104165
      ],
      "q": 0.4238
    },
    {
      "id": 1,
      "pos": [
        -1.950339636909614,
        -8.109585452932018,
        -15.41830304232917
      ],
      "q": 0.4238
    },
    {
      "id": 0,
      "pos": [
        18.406370107000917,
        12.865809561107872,
        -1.8011534363969277
      ],
      "q": -0.8476
    },
    {
      "id": 1,
      "pos": [
        17.85338527853528,
        12.522539111514433,
        -1.040513457218035
      ],
      "q": 0.4238
    },
    {
      "id": 1,
      "pos": [
        19.13077424064488,
        12.212739575308317,
        -2.018726975241934
      ],
      "q": 0.4238
    },
    {
      "id": 0,
      "pos": [
        17.673615479711366,
        15.400647001374692,
        -2.3768774541956583
      ],
      "q": -0.8476
    },
    {
      "id": 1,
      "pos": [
        18.123085185450453,
        14.534574339833672,
        -2.1530580436102897
      ],
      "q": 0.4238
    },
    {
      "id": 1,
      "pos": [
        16.96884707319174,
        15.25072236119804,
        -3.069282029164001
      ],
      "q": 0.4238
    },
    {
      "id": 0,
      "pos": [
        1.0042945075059975,
        -9.570872557760605,
        -14.751784172344895
      ],
      "q": -0.8476
    },
    {
      "id": 1,
      "pos": [
        0.05069910845474779,
        -9.504283879741896,
        -15.049142143263662
      ],
      "q": 0.4238
    },
    {
      "id": 1,
      "pos": [
        1.1033001784562955,
        -10.308215586210222,
        -14.08460868154779
      ],
      "q": 0.4238
    },
    {
      "id": 0,
      "pos": [
        15.895258610338143,
        14.67093849475261,
        -0.3355454996105395
      ],
      "q": -0.8476
    },
    {
      "id": 1,
      "pos": [
        16.550802058085175,
        15.380679954267078,
        -0.5977092819350962
      ],
      "q": 0.4238
    },
    {
      "id": 1,
      "pos": [
        15.049031956445532,
        14.778558774160132,
        -0.8560436510988614
      ],
      "q": 0.4238
    },
    {
      "id": 0,
      "pos": [
        19.105987207238144,
        10.761864128117201,
        13.491287826255641
      ],
      "q": -0.8476
    },
    {
      "id": 1,
      "pos": [
        19.441969235549724,
        10.412948581786372,
        14.367400843040755
      ],
      "q": 0.4238
    },
    {
      "id": 1,
      "pos": [
        19.741254169729203,
        11.442636901187546,
        13.12854229862865
      ],
      "q": 0.4238
    },
    {
      "id": 0,
      "pos": [
        17.086004140260773,
        10.817227071740385,
        0.053787073298221855
      ],
      "q": -0.8476
    },
    {
      "id": 1,
      "pos": [
        17.26934037851717,
        9.887114382374813,
        0.37546736306322426
      ],
      "q": 0.4238
    },
    {
      "id": 1,
      "pos": [
        16.547862877923663,
        11.313900928997587,
        0.7337275569335769
      ],
      "q": 0.4238
    },
    {
      "id": 0,
      "pos": [
        15.877355545566022,
        12.74497131825326,
        1.9732376143118557
      ],
      "q": -0.8476
    },
    {
      "id": 1,
      "pos": [
        16.2282294178206,
        13.328420147404488,
        1.239292800629975
      ],
      "q": 0.4238
    },
    {
      "id": 1,
      "pos": [
        14.955376899072249,
        13.03407793837486,
        2.228135118445739
      ],
      "q": 0.4238
    },
    {
      "id": 0,
      "pos": [
        -16.37174076226975,
        5.448766756184171,
        -1.7738742062172412
      ],
      "q": -0.8476
    },
    {
      "id": 1,
      "pos": [
        -16.114191266017716,
        5.496714285288497,
        -2.7400881014988205
      ],
      "q": 0.4238
    },
    {
      "id": 1,
      "pos": [
        -15.91384592328349,
        4.675797981417013,
        -1.3363223925277046
      ],
      "q": 0.4238
    },
    {
      "id": 0,
      "pos": [
        -1.9887199095814563,
        -2.0000433151822103,
        8.123494861305927
      ],
      "q": -0.8476
    },
    {
      "id": 1,
      "pos": [
        -2.8307723202636006,
        -2.4207230093619483,
        8.464341355447033
      ],
      "q": 0.4238
    },
    {
      "id": 1,
      "pos": [
        -1.3814042911382234,
        -2.702340168260451,
        7.753972372479097
      ],
      "q": 0.4238
    }
  ],
  "reactionlist": []
}
